outcome,horizon,beta_crisis_FX,se_crisis_FX,p_crisis_FX,beta_normal_FX,se_normal_FX,p_normal_FX,gamma_crisis_Gas,se_crisis_Gas,p_crisis_Gas,gamma_normal_Gas,se_normal_Gas,p_normal_Gas,nobs
HICP_Total,0,0.17028768759764581,0.16152823774898362,0.2917782699456397,0.03355399979211138,0.08250143394302567,0.684222405362893,-0.010770462307393551,0.005376384455378091,0.045146068627875506,0.005811180696558503,0.0071227904248192045,0.41458174584393825,117
HICP_Total,1,0.34200103974091683,0.25494249554866294,0.17976366520802167,0.08224024300476053,0.13892338263657367,0.5538621545305351,-0.011732232902519702,0.009251813619242592,0.2047619307802151,0.011610965690159809,0.010850546623088474,0.28458277138958155,117
HICP_Total,2,0.49385654423825437,0.3097437893878569,0.11084571623288518,0.06379490528899523,0.18105603996455183,0.7245765832640909,8.246492362322042e-05,0.013904353312124371,0.9952678774660362,0.005010887335115182,0.01590973082407169,0.7527940045131625,116
HICP_Total,3,0.7040652952753494,0.36527848218377945,0.053920408633157314,0.05512920387971071,0.23542688279033525,0.8148553428539058,0.002462157774808465,0.013178447518200761,0.8517922332420911,0.01799984367529444,0.01750200056081431,0.30374058466468556,115
HICP_Total,4,0.7649370340263032,0.3605892048908134,0.03389209742764291,0.12642105580056032,0.25971625982696156,0.62642413776348,0.010646147435407809,0.012260111713102624,0.385199212331912,0.0102907442619538,0.018589013505987205,0.5798575463183949,114
HICP_Total,5,0.6419439784356208,0.33108099553938497,0.052509456379981286,0.34324735958818553,0.27454552331323456,0.21121246817883732,0.019070998177886926,0.013941513151308264,0.17133434540750092,0.007801473611514084,0.021445792528424816,0.7160249727578898,113
HICP_Total,6,0.7470851208435562,0.40722347187292507,0.0665675496416622,0.41240176620025093,0.3394928840464087,0.22445832605694704,0.030049595863841677,0.01459592585980089,0.039516660436857344,0.0146219285703881,0.029153559469927114,0.6159850437874437,112
HICP_Total,7,0.9076960215363256,0.4441598627815771,0.040990647212641784,0.3848012754309904,0.3667521660144185,0.2940799272803417,0.041346546771924036,0.016887551173628123,0.014351427485969797,0.024689908390833817,0.035714128397359796,0.489364164271072,111
HICP_Total,8,1.0129903346674898,0.500535298047457,0.04298929503945214,0.34687532084542516,0.40821854816624725,0.39547552329792046,0.05129905886235996,0.01954922835853921,0.008687920326333328,0.029089521873421044,0.042447743266374564,0.4931533920374582,110
HICP_Total,9,0.9262817520860877,0.49836615077938845,0.06307861321540613,0.5141484221203406,0.45926708394929366,0.2629278920298892,0.06101363949887854,0.02051797005737349,0.002942628738440209,0.02157807807920526,0.04877261071790423,0.6581838308764525,109
HICP_Total,10,1.0427427935238978,0.5150204907476568,0.04290200797639732,0.7136203028211323,0.5414767386409656,0.18753211191818853,0.06991400330137348,0.023495027616230527,0.0029232677019049164,0.014889059990463516,0.055240589297519016,0.7875209686042554,108
HICP_Total,11,0.9697663695775494,0.5425068214123026,0.07384616786107975,0.6633802875037946,0.5419219236786786,0.2209049979791513,0.07784831891816416,0.02640960320260645,0.003201189023198072,0.02006420126777298,0.0591108274953868,0.7342831065542521,107
HICP_Total,12,1.0142113665722012,0.5455658042792152,0.0630259597806083,0.7697561575423457,0.5631783023778671,0.17168574597361164,0.08602169639866661,0.028446457595509587,0.0024946778318457085,0.0132747548516009,0.06593620162485445,0.8404426880182162,106
HICP_Core,0,0.05480611519228751,0.06604780233547884,0.4066548775945166,0.027274386128118628,0.05717475450731268,0.6333368611590133,-0.0013489335128255488,0.002366989204162508,0.5687494320497143,-0.007116363648107754,0.004465087217064785,0.11098547199626531,117
HICP_Core,1,0.20516734017803737,0.09832865572658407,0.03692912218328739,0.026094771685277827,0.10091084160143958,0.7959497862340407,-0.0014991212152188006,0.006225257996741893,0.8097002824776707,-0.009203084434186085,0.009412578636292869,0.32820136674891986,117
HICP_Core,2,0.36001853253602667,0.17733656732917222,0.04234203915007652,-0.009775200197792239,0.1760263148288696,0.9557141532341814,0.00371663591063259,0.010140429302645148,0.7139796104271525,-0.013446164397009994,0.013483993076281106,0.31867008623336146,116
HICP_Core,3,0.42332131785760185,0.20925746972674442,0.04307637151688259,0.0382755740534251,0.20693746150423842,0.8532588131969974,0.005272454957055712,0.012650841041641757,0.6768487330258759,-0.013852122092397504,0.015904352019230548,0.38377367116634253,115
HICP_Core,4,0.4220158431199758,0.21671255612698043,0.051492430450266316,0.06324404833190253,0.22207960915594493,0.7758119462645965,0.01246438857907309,0.012143162903797222,0.3046780064242961,-0.01890194742646774,0.01798390344521477,0.29323650202428597,114
HICP_Core,5,0.3435926524087562,0.19997870368488035,0.08576994938536296,0.19407472595364136,0.21918218884683704,0.3759143275521678,0.01848426116380353,0.012008273447825624,0.12373258084920281,-0.019778806271261863,0.02002048131059845,0.323187612608979,113
HICP_Core,6,0.4719103367952624,0.21896592555537647,0.031147982356615558,0.18139805963014238,0.2412608880250107,0.4521261602814578,0.02520423680236103,0.012362153849951329,0.041467750852613915,-0.016662878774162487,0.02251057904200828,0.45916387392428604,112
HICP_Core,7,0.6264663159548868,0.18628104863257833,0.0007709564204527262,0.12447579534883871,0.2578882525349668,0.6293276650391901,0.03032009402365632,0.015406569637357242,0.04906829926819673,-0.008591141080832665,0.026695543726209962,0.7475895954572787,111
HICP_Core,8,0.7272333385624162,0.22405641735875703,0.0011713758006021977,-0.0005373556598257496,0.287350055556689,0.998507926041939,0.03873224786869992,0.017843279639275383,0.02995453227460565,-0.008246790385540232,0.030206186704739024,0.7848404553922737,110
HICP_Core,9,0.6821602014565816,0.24240956563620514,0.004891687039193183,0.2189914537842644,0.3323973643287707,0.5100086148177083,0.04974860239891214,0.018963159165917946,0.008704822925433259,-0.018250556428077186,0.0326656969962535,0.57636164155042,109
HICP_Core,10,0.6459293710361531,0.24909778676226457,0.009512188273720966,0.3827439109982597,0.37936907139003034,0.31302454871577723,0.06029787525604217,0.019717672411903333,0.0022277308277863063,-0.02835071008980629,0.03416823378213482,0.40668646613149306,108
HICP_Core,11,0.616392177484326,0.23880295380977523,0.00984646981805752,0.34549618817187056,0.37886545108706415,0.3618091565582282,0.06697579400700059,0.02036372509197494,0.001005527569554918,-0.026517903336302138,0.03630518051084156,0.465135628005547,107
HICP_Core,12,0.6858269380379995,0.2494301844269864,0.0059672649921762005,0.340049225733608,0.40666067673015616,0.4030429961522012,0.07311907867773347,0.01935282606590248,0.00015795841934742593,-0.033709805642671724,0.042625579348701585,0.4290402062217742,106
IP_Total,0,-0.7709581850844434,0.6282534224233264,0.21976801385272426,0.3984274107512607,0.7017826805443653,0.5702141279047386,0.003747409229369065,0.026687715856087278,0.8883305199947925,0.048141550918397814,0.04566638072497198,0.29179083524165017,117
IP_Total,1,-0.22677446747421592,0.8117287942636596,0.7799591952961803,-0.0019240981705748797,0.991622143427453,0.9984518223290896,0.005596784173451017,0.039067934822265026,0.886086627588849,0.04960370499760723,0.05896260149988983,0.4001944396230188,116
IP_Total,2,1.0016347090963353,1.315354499218606,0.4463619931392141,0.378858672854393,1.0074474632262613,0.7068737813824622,-0.009298232878405607,0.03641439290380446,0.7984566524682195,0.09467527036791618,0.08088042782375768,0.24177629621456787,115
IP_Total,3,2.6287184976169127,2.0421612359128445,0.19801630236694256,-0.016326851346283488,1.2460342319338829,0.9895455762565983,-0.045211456393679086,0.04494630915263949,0.31446406141220495,0.1354080534718026,0.09487739424561971,0.15352518114257574,114
IP_Total,4,0.5392772574824737,1.693920187092766,0.750211506233442,1.3393361819184746,1.2407381160979931,0.28037947863446033,-0.04439023343423339,0.06080233861714557,0.4653446828468285,0.11593929367953976,0.10581551575198062,0.2732215298542965,113
IP_Total,5,0.07646128655447915,1.7061180431678835,0.9642540183146938,1.7843728555306246,1.3805698195346745,0.1961874643219058,-0.03721811579316349,0.09403583379104649,0.6922625190225937,-0.00048157007910061556,0.17378264102970575,0.9977889803203509,112
IP_Total,6,-0.6455890534425874,1.6827981346847767,0.7012451226201475,2.7227708222945677,1.6830095137215353,0.1057059586198793,-0.010317633412527451,0.08446957096940756,0.9027832681354324,0.02989970778931269,0.1415696308897816,0.8327300987970003,111
IP_Total,7,1.3532052797755083,1.2023475073863312,0.26039019388819673,0.20915230732151688,1.2158710962756882,0.8634229944967643,-0.07964320854300658,0.1063532533075215,0.4539443615778582,0.14977507118032418,0.13612601333261778,0.27121545115504697,110
IP_Total,8,2.961187725935077,0.9530686319260108,0.0018899405991881512,-0.8294838045902778,1.1695377405399574,0.47817510003547414,-0.00270547261601914,0.07193884269618071,0.9700002668209025,0.1030124472938294,0.10561303292980574,0.32937364468663366,109
IP_Total,9,3.276294327279328,1.0671768065170608,0.0021401745000382225,0.06570903412478857,0.8472888641326018,0.9381843430287263,-0.008415701786137417,0.0848684750001791,0.92100988831463,0.06105470079258528,0.11924174460174829,0.6086338269045762,108
IP_Total,10,3.563096772774087,1.0767374473156628,0.0009357625687814515,0.5740423635449002,1.0088691157683327,0.5693589404881263,0.03299067784877241,0.05676434105695207,0.5611146566583722,0.10625227850084124,0.10028836825576294,0.289386869727006,107
IP_Total,11,2.398537094448991,0.9274222589841431,0.00970291755858238,1.6981931567715018,0.9285839826285865,0.06742977360663512,0.03769517658863907,0.06035829996881267,0.5322838438231228,0.0971393422290444,0.08266781335978925,0.23997215684614048,106
IP_Total,12,2.2834260434818887,0.8898888323382304,0.010288839426336205,2.143225317734577,1.08411047861547,0.04804800100888576,0.1997024243167001,0.06019658535376931,0.0009082555238064917,-0.123268007533859,0.09665940627226742,0.20220942235566863,105
